1,lfw_aligned/Aaron_Eckhart/Aaron_Eckhart_0001.png
2,lfw_aligned/Aaron_Guiel/Aaron_Guiel_0001.png
3,lfw_aligned/Aaron_Patterson/Aaron_Patterson_0001.png
4,lfw_aligned/Aaron_Peirsol/Aaron_Peirsol_0001.png
4,lfw_aligned/Aaron_Peirsol/Aaron_Peirsol_0002.png
4,lfw_aligned/Aaron_Peirsol/Aaron_Peirsol_0004.png
4,lfw_aligned/Aaron_Peirsol/Aaron_Peirsol_0003.png
5,lfw_aligned/Aaron_Pena/Aaron_Pena_0001.png
6,lfw_aligned/Aaron_Sorkin/Aaron_Sorkin_0001.png
6,lfw_aligned/Aaron_Sorkin/Aaron_Sorkin_0002.png
7,lfw_aligned/Aaron_Tippin/Aaron_Tippin_0001.png
8,lfw_aligned/Abbas_Kiarostami/Abbas_Kiarostami_0001.png
9,lfw_aligned/Abba_Eban/Abba_Eban_0001.png
10,lfw_aligned/Abdel_Aziz_Al-Hakim/Abdel_Aziz_Al-Hakim_0001.png
11,lfw_aligned/Abdel_Madi_Shabneh/Abdel_Madi_Shabneh_0001.png
12,lfw_aligned/Abdel_Nasser_Assidi/Abdel_Nasser_Assidi_0001.png
12,lfw_aligned/Abdel_Nasser_Assidi/Abdel_Nasser_Assidi_0002.png
13,lfw_aligned/Abdoulaye_Wade/Abdoulaye_Wade_0001.png
13,lfw_aligned/Abdoulaye_Wade/Abdoulaye_Wade_0002.png
13,lfw_aligned/Abdoulaye_Wade/Abdoulaye_Wade_0004.png
14,lfw_aligned/Abdulaziz_Kamilov/Abdulaziz_Kamilov_0001.png
15,lfw_aligned/Abdullah/Abdullah_0004.png
15,lfw_aligned/Abdullah/Abdullah_0001.png
15,lfw_aligned/Abdullah/Abdullah_0002.png
15,lfw_aligned/Abdullah/Abdullah_0003.png
16,lfw_aligned/Abdullah_Ahmad_Badawi/Abdullah_Ahmad_Badawi_0001.png
17,lfw_aligned/Abdullah_al-Attiyah/Abdullah_al-Attiyah_0001.png
17,lfw_aligned/Abdullah_al-Attiyah/Abdullah_al-Attiyah_0003.png
17,lfw_aligned/Abdullah_al-Attiyah/Abdullah_al-Attiyah_0002.png
18,lfw_aligned/Abdullah_Gul/Abdullah_Gul_0010.png
18,lfw_aligned/Abdullah_Gul/Abdullah_Gul_0003.png
18,lfw_aligned/Abdullah_Gul/Abdullah_Gul_0019.png
18,lfw_aligned/Abdullah_Gul/Abdullah_Gul_0002.png
18,lfw_aligned/Abdullah_Gul/Abdullah_Gul_0009.png
18,lfw_aligned/Abdullah_Gul/Abdullah_Gul_0005.png
18,lfw_aligned/Abdullah_Gul/Abdullah_Gul_0018.png
18,lfw_aligned/Abdullah_Gul/Abdullah_Gul_0008.png
18,lfw_aligned/Abdullah_Gul/Abdullah_Gul_0007.png
18,lfw_aligned/Abdullah_Gul/Abdullah_Gul_0012.png
18,lfw_aligned/Abdullah_Gul/Abdullah_Gul_0015.png
18,lfw_aligned/Abdullah_Gul/Abdullah_Gul_0004.png
18,lfw_aligned/Abdullah_Gul/Abdullah_Gul_0006.png
18,lfw_aligned/Abdullah_Gul/Abdullah_Gul_0014.png
18,lfw_aligned/Abdullah_Gul/Abdullah_Gul_0011.png
18,lfw_aligned/Abdullah_Gul/Abdullah_Gul_0013.png
18,lfw_aligned/Abdullah_Gul/Abdullah_Gul_0017.png
18,lfw_aligned/Abdullah_Gul/Abdullah_Gul_0001.png
18,lfw_aligned/Abdullah_Gul/Abdullah_Gul_0016.png
19,lfw_aligned/Abdullah_Nasseef/Abdullah_Nasseef_0001.png
20,lfw_aligned/Abdullatif_Sener/Abdullatif_Sener_0002.png
20,lfw_aligned/Abdullatif_Sener/Abdullatif_Sener_0001.png
21,lfw_aligned/Abdul_Majeed_Shobokshi/Abdul_Majeed_Shobokshi_0001.png
22,lfw_aligned/Abdul_Rahman/Abdul_Rahman_0001.png
23,lfw_aligned/Abel_Aguilar/Abel_Aguilar_0001.png
24,lfw_aligned/Abel_Pacheco/Abel_Pacheco_0003.png
24,lfw_aligned/Abel_Pacheco/Abel_Pacheco_0004.png
24,lfw_aligned/Abel_Pacheco/Abel_Pacheco_0002.png
24,lfw_aligned/Abel_Pacheco/Abel_Pacheco_0001.png
25,lfw_aligned/Abid_Hamid_Mahmud_Al-Tikriti/Abid_Hamid_Mahmud_Al-Tikriti_0001.png
25,lfw_aligned/Abid_Hamid_Mahmud_Al-Tikriti/Abid_Hamid_Mahmud_Al-Tikriti_0002.png
25,lfw_aligned/Abid_Hamid_Mahmud_Al-Tikriti/Abid_Hamid_Mahmud_Al-Tikriti_0003.png
26,lfw_aligned/Abner_Martinez/Abner_Martinez_0001.png
27,lfw_aligned/Abraham_Foxman/Abraham_Foxman_0001.png
28,lfw_aligned/Aby_Har-Even/Aby_Har-Even_0001.png
29,lfw_aligned/Adam_Ant/Adam_Ant_0001.png
30,lfw_aligned/Adam_Freier/Adam_Freier_0001.png
31,lfw_aligned/Adam_Herbert/Adam_Herbert_0001.png
32,lfw_aligned/Adam_Kennedy/Adam_Kennedy_0001.png
33,lfw_aligned/Adam_Mair/Adam_Mair_0001.png
34,lfw_aligned/Adam_Rich/Adam_Rich_0001.png
35,lfw_aligned/Adam_Sandler/Adam_Sandler_0004.png
35,lfw_aligned/Adam_Sandler/Adam_Sandler_0002.png
35,lfw_aligned/Adam_Sandler/Adam_Sandler_0001.png
35,lfw_aligned/Adam_Sandler/Adam_Sandler_0003.png
36,lfw_aligned/Adam_Scott/Adam_Scott_0001.png
36,lfw_aligned/Adam_Scott/Adam_Scott_0002.png
37,lfw_aligned/Adelina_Avila/Adelina_Avila_0001.png
38,lfw_aligned/Adel_Al-Jubeir/Adel_Al-Jubeir_0001.png
38,lfw_aligned/Adel_Al-Jubeir/Adel_Al-Jubeir_0002.png
38,lfw_aligned/Adel_Al-Jubeir/Adel_Al-Jubeir_0003.png
39,lfw_aligned/Adisai_Bodharamik/Adisai_Bodharamik_0001.png
40,lfw_aligned/Adolfo_Aguilar_Zinser/Adolfo_Aguilar_Zinser_0002.png
40,lfw_aligned/Adolfo_Aguilar_Zinser/Adolfo_Aguilar_Zinser_0003.png
40,lfw_aligned/Adolfo_Aguilar_Zinser/Adolfo_Aguilar_Zinser_0001.png
41,lfw_aligned/Adolfo_Rodriguez_Saa/Adolfo_Rodriguez_Saa_0002.png
41,lfw_aligned/Adolfo_Rodriguez_Saa/Adolfo_Rodriguez_Saa_0001.png
42,lfw_aligned/Adoor_Gopalakarishnan/Adoor_Gopalakarishnan_0001.png
43,lfw_aligned/Adriana_Lima/Adriana_Lima_0001.png
44,lfw_aligned/Adriana_Perez_Navarro/Adriana_Perez_Navarro_0001.png
45,lfw_aligned/Adrianna_Zuzic/Adrianna_Zuzic_0001.png
46,lfw_aligned/Adrian_Annus/Adrian_Annus_0001.png
47,lfw_aligned/Adrian_Fernandez/Adrian_Fernandez_0001.png
48,lfw_aligned/Adrian_McPherson/Adrian_McPherson_0002.png
48,lfw_aligned/Adrian_McPherson/Adrian_McPherson_0001.png
49,lfw_aligned/Adrian_Murrell/Adrian_Murrell_0001.png
50,lfw_aligned/Adrian_Nastase/Adrian_Nastase_0002.png
50,lfw_aligned/Adrian_Nastase/Adrian_Nastase_0001.png
51,lfw_aligned/Adrien_Brody/Adrien_Brody_0003.png
51,lfw_aligned/Adrien_Brody/Adrien_Brody_0012.png
51,lfw_aligned/Adrien_Brody/Adrien_Brody_0011.png
51,lfw_aligned/Adrien_Brody/Adrien_Brody_0009.png
51,lfw_aligned/Adrien_Brody/Adrien_Brody_0004.png
51,lfw_aligned/Adrien_Brody/Adrien_Brody_0001.png
51,lfw_aligned/Adrien_Brody/Adrien_Brody_0007.png
51,lfw_aligned/Adrien_Brody/Adrien_Brody_0006.png
51,lfw_aligned/Adrien_Brody/Adrien_Brody_0002.png
51,lfw_aligned/Adrien_Brody/Adrien_Brody_0008.png
51,lfw_aligned/Adrien_Brody/Adrien_Brody_0005.png
51,lfw_aligned/Adrien_Brody/Adrien_Brody_0010.png
52,lfw_aligned/Afton_Smith/Afton_Smith_0001.png
53,lfw_aligned/Agbani_Darego/Agbani_Darego_0001.png
54,lfw_aligned/Agnelo_Queiroz/Agnelo_Queiroz_0001.png
55,lfw_aligned/Agnes_Bruckner/Agnes_Bruckner_0001.png
56,lfw_aligned/Ahmad_Jbarah/Ahmad_Jbarah_0001.png
57,lfw_aligned/Ahmad_Masood/Ahmad_Masood_0002.png
57,lfw_aligned/Ahmad_Masood/Ahmad_Masood_0001.png
58,lfw_aligned/Ahmed_Ahmed/Ahmed_Ahmed_0001.png
59,lfw_aligned/Ahmed_Chalabi/Ahmed_Chalabi_0003.png
59,lfw_aligned/Ahmed_Chalabi/Ahmed_Chalabi_0004.png
59,lfw_aligned/Ahmed_Chalabi/Ahmed_Chalabi_0001.png
59,lfw_aligned/Ahmed_Chalabi/Ahmed_Chalabi_0002.png
59,lfw_aligned/Ahmed_Chalabi/Ahmed_Chalabi_0005.png
60,lfw_aligned/Ahmed_Ghazi/Ahmed_Ghazi_0001.png
61,lfw_aligned/Ahmed_Ibrahim_Bilal/Ahmed_Ibrahim_Bilal_0001.png
62,lfw_aligned/Ahmed_Lopez/Ahmed_Lopez_0001.png
63,lfw_aligned/Ahmed_Qureia/Ahmed_Qureia_0001.png
64,lfw_aligned/Ahmet_Demir/Ahmet_Demir_0001.png
65,lfw_aligned/Ahmet_Necdet_Sezer/Ahmet_Necdet_Sezer_0002.png
65,lfw_aligned/Ahmet_Necdet_Sezer/Ahmet_Necdet_Sezer_0001.png
66,lfw_aligned/Aicha_El_Ouafi/Aicha_El_Ouafi_0001.png
66,lfw_aligned/Aicha_El_Ouafi/Aicha_El_Ouafi_0003.png
66,lfw_aligned/Aicha_El_Ouafi/Aicha_El_Ouafi_0002.png
67,lfw_aligned/Aidan_Quinn/Aidan_Quinn_0001.png
68,lfw_aligned/Aileen_Riggin_Soule/Aileen_Riggin_Soule_0001.png
69,lfw_aligned/Ainsworth_Dyer/Ainsworth_Dyer_0001.png
70,lfw_aligned/Ain_Seppik/Ain_Seppik_0001.png
71,lfw_aligned/Aishwarya_Rai/Aishwarya_Rai_0001.png
72,lfw_aligned/Aitor_Gonzalez/Aitor_Gonzalez_0002.png
72,lfw_aligned/Aitor_Gonzalez/Aitor_Gonzalez_0001.png
73,lfw_aligned/Aiysha_Smith/Aiysha_Smith_0001.png
74,lfw_aligned/Ai_Sugiyama/Ai_Sugiyama_0005.png
74,lfw_aligned/Ai_Sugiyama/Ai_Sugiyama_0002.png
74,lfw_aligned/Ai_Sugiyama/Ai_Sugiyama_0004.png
74,lfw_aligned/Ai_Sugiyama/Ai_Sugiyama_0001.png
74,lfw_aligned/Ai_Sugiyama/Ai_Sugiyama_0003.png
75,lfw_aligned/Ajit_Agarkar/Ajit_Agarkar_0001.png
76,lfw_aligned/AJ_Cook/AJ_Cook_0001.png
77,lfw_aligned/AJ_Lamas/AJ_Lamas_0001.png
78,lfw_aligned/Akbar_Al_Baker/Akbar_Al_Baker_0001.png
79,lfw_aligned/Akbar_Hashemi_Rafsanjani/Akbar_Hashemi_Rafsanjani_0002.png
79,lfw_aligned/Akbar_Hashemi_Rafsanjani/Akbar_Hashemi_Rafsanjani_0001.png
79,lfw_aligned/Akbar_Hashemi_Rafsanjani/Akbar_Hashemi_Rafsanjani_0003.png
80,lfw_aligned/Akhmed_Zakayev/Akhmed_Zakayev_0001.png
80,lfw_aligned/Akhmed_Zakayev/Akhmed_Zakayev_0003.png
80,lfw_aligned/Akhmed_Zakayev/Akhmed_Zakayev_0002.png
81,lfw_aligned/Akiko_Morigami/Akiko_Morigami_0001.png
82,lfw_aligned/Akmal_Taher/Akmal_Taher_0001.png
83,lfw_aligned/Alain_Cervantes/Alain_Cervantes_0001.png
84,lfw_aligned/Alain_Ducasse/Alain_Ducasse_0001.png
85,lfw_aligned/Alanis_Morissette/Alanis_Morissette_0001.png
86,lfw_aligned/Alanna_Ubach/Alanna_Ubach_0001.png
87,lfw_aligned/Alan_Ball/Alan_Ball_0002.png
87,lfw_aligned/Alan_Ball/Alan_Ball_0001.png
88,lfw_aligned/Alan_Dershowitz/Alan_Dershowitz_0001.png
89,lfw_aligned/Alan_Dreher/Alan_Dreher_0001.png
90,lfw_aligned/Alan_Greenspan/Alan_Greenspan_0004.png
90,lfw_aligned/Alan_Greenspan/Alan_Greenspan_0003.png
90,lfw_aligned/Alan_Greenspan/Alan_Greenspan_0005.png
90,lfw_aligned/Alan_Greenspan/Alan_Greenspan_0001.png
90,lfw_aligned/Alan_Greenspan/Alan_Greenspan_0002.png
91,lfw_aligned/Alan_Greer/Alan_Greer_0001.png
92,lfw_aligned/Alan_Jackson/Alan_Jackson_0001.png
93,lfw_aligned/Alan_Mulally/Alan_Mulally_0001.png
93,lfw_aligned/Alan_Mulally/Alan_Mulally_0002.png
94,lfw_aligned/Alan_Stonecipher/Alan_Stonecipher_0001.png
95,lfw_aligned/Alan_Tang_Kwong-wing/Alan_Tang_Kwong-wing_0001.png
96,lfw_aligned/Alan_Trammell/Alan_Trammell_0001.png
97,lfw_aligned/Alan_Zemaitis/Alan_Zemaitis_0001.png
98,lfw_aligned/Alastair_Campbell/Alastair_Campbell_0001.png
98,lfw_aligned/Alastair_Campbell/Alastair_Campbell_0005.png
98,lfw_aligned/Alastair_Campbell/Alastair_Campbell_0004.png
98,lfw_aligned/Alastair_Campbell/Alastair_Campbell_0002.png
98,lfw_aligned/Alastair_Campbell/Alastair_Campbell_0003.png
99,lfw_aligned/Alastair_Johnston/Alastair_Johnston_0001.png
100,lfw_aligned/Albaro_Recoba/Albaro_Recoba_0001.png
101,lfw_aligned/Alberta_Lee/Alberta_Lee_0001.png
102,lfw_aligned/Alberto_Acosta/Alberto_Acosta_0001.png
103,lfw_aligned/Alberto_Fujimori/Alberto_Fujimori_0001.png
103,lfw_aligned/Alberto_Fujimori/Alberto_Fujimori_0002.png
104,lfw_aligned/Alberto_Gonzales/Alberto_Gonzales_0001.png
105,lfw_aligned/Alberto_Ruiz_Gallardon/Alberto_Ruiz_Gallardon_0001.png
105,lfw_aligned/Alberto_Ruiz_Gallardon/Alberto_Ruiz_Gallardon_0002.png
106,lfw_aligned/Alberto_Sordi/Alberto_Sordi_0001.png
107,lfw_aligned/Albert_Brooks/Albert_Brooks_0001.png
108,lfw_aligned/Albert_Costa/Albert_Costa_0003.png
108,lfw_aligned/Albert_Costa/Albert_Costa_0002.png
108,lfw_aligned/Albert_Costa/Albert_Costa_0001.png
108,lfw_aligned/Albert_Costa/Albert_Costa_0006.png
108,lfw_aligned/Albert_Costa/Albert_Costa_0005.png
108,lfw_aligned/Albert_Costa/Albert_Costa_0004.png
109,lfw_aligned/Albert_Montanes/Albert_Montanes_0001.png
110,lfw_aligned/Albert_Pujols/Albert_Pujols_0001.png
111,lfw_aligned/Albrecht_Mentz/Albrecht_Mentz_0001.png
111,lfw_aligned/Albrecht_Mentz/Albrecht_Mentz_0002.png
112,lfw_aligned/Aldo_Paredes/Aldo_Paredes_0001.png
112,lfw_aligned/Aldo_Paredes/Aldo_Paredes_0002.png
113,lfw_aligned/Alecos_Markides/Alecos_Markides_0001.png
114,lfw_aligned/Alec_Baldwin/Alec_Baldwin_0001.png
114,lfw_aligned/Alec_Baldwin/Alec_Baldwin_0003.png
114,lfw_aligned/Alec_Baldwin/Alec_Baldwin_0002.png
114,lfw_aligned/Alec_Baldwin/Alec_Baldwin_0004.png
115,lfw_aligned/Alejandro_Atchugarry/Alejandro_Atchugarry_0002.png
115,lfw_aligned/Alejandro_Atchugarry/Alejandro_Atchugarry_0001.png
116,lfw_aligned/Alejandro_Avila/Alejandro_Avila_0002.png
116,lfw_aligned/Alejandro_Avila/Alejandro_Avila_0001.png
116,lfw_aligned/Alejandro_Avila/Alejandro_Avila_0003.png
117,lfw_aligned/Alejandro_Fernandez/Alejandro_Fernandez_0001.png
118,lfw_aligned/Alejandro_Gonzalez_Inarritu/Alejandro_Gonzalez_Inarritu_0001.png
119,lfw_aligned/Alejandro_Lembo/Alejandro_Lembo_0001.png
120,lfw_aligned/Alejandro_Lerner/Alejandro_Lerner_0001.png
121,lfw_aligned/Alejandro_Lopez/Alejandro_Lopez_0001.png
122,lfw_aligned/Alejandro_Toledo/Alejandro_Toledo_0002.png
122,lfw_aligned/Alejandro_Toledo/Alejandro_Toledo_0007.png
122,lfw_aligned/Alejandro_Toledo/Alejandro_Toledo_0025.png
122,lfw_aligned/Alejandro_Toledo/Alejandro_Toledo_0018.png
122,lfw_aligned/Alejandro_Toledo/Alejandro_Toledo_0009.png
122,lfw_aligned/Alejandro_Toledo/Alejandro_Toledo_0036.png
122,lfw_aligned/Alejandro_Toledo/Alejandro_Toledo_0033.png
122,lfw_aligned/Alejandro_Toledo/Alejandro_Toledo_0003.png
122,lfw_aligned/Alejandro_Toledo/Alejandro_Toledo_0010.png
122,lfw_aligned/Alejandro_Toledo/Alejandro_Toledo_0016.png
122,lfw_aligned/Alejandro_Toledo/Alejandro_Toledo_0027.png
122,lfw_aligned/Alejandro_Toledo/Alejandro_Toledo_0029.png
122,lfw_aligned/Alejandro_Toledo/Alejandro_Toledo_0032.png
122,lfw_aligned/Alejandro_Toledo/Alejandro_Toledo_0021.png
122,lfw_aligned/Alejandro_Toledo/Alejandro_Toledo_0031.png
122,lfw_aligned/Alejandro_Toledo/Alejandro_Toledo_0028.png
122,lfw_aligned/Alejandro_Toledo/Alejandro_Toledo_0004.png
122,lfw_aligned/Alejandro_Toledo/Alejandro_Toledo_0012.png
122,lfw_aligned/Alejandro_Toledo/Alejandro_Toledo_0038.png
122,lfw_aligned/Alejandro_Toledo/Alejandro_Toledo_0023.png
122,lfw_aligned/Alejandro_Toledo/Alejandro_Toledo_0001.png
122,lfw_aligned/Alejandro_Toledo/Alejandro_Toledo_0039.png
122,lfw_aligned/Alejandro_Toledo/Alejandro_Toledo_0026.png
122,lfw_aligned/Alejandro_Toledo/Alejandro_Toledo_0013.png
122,lfw_aligned/Alejandro_Toledo/Alejandro_Toledo_0034.png
122,lfw_aligned/Alejandro_Toledo/Alejandro_Toledo_0011.png
122,lfw_aligned/Alejandro_Toledo/Alejandro_Toledo_0005.png
122,lfw_aligned/Alejandro_Toledo/Alejandro_Toledo_0020.png
122,lfw_aligned/Alejandro_Toledo/Alejandro_Toledo_0019.png
122,lfw_aligned/Alejandro_Toledo/Alejandro_Toledo_0015.png
122,lfw_aligned/Alejandro_Toledo/Alejandro_Toledo_0022.png
122,lfw_aligned/Alejandro_Toledo/Alejandro_Toledo_0035.png
122,lfw_aligned/Alejandro_Toledo/Alejandro_Toledo_0014.png
122,lfw_aligned/Alejandro_Toledo/Alejandro_Toledo_0030.png
122,lfw_aligned/Alejandro_Toledo/Alejandro_Toledo_0006.png
122,lfw_aligned/Alejandro_Toledo/Alejandro_Toledo_0024.png
122,lfw_aligned/Alejandro_Toledo/Alejandro_Toledo_0017.png
122,lfw_aligned/Alejandro_Toledo/Alejandro_Toledo_0037.png
122,lfw_aligned/Alejandro_Toledo/Alejandro_Toledo_0008.png
123,lfw_aligned/Aleksander_Kwasniewski/Aleksander_Kwasniewski_0003.png
123,lfw_aligned/Aleksander_Kwasniewski/Aleksander_Kwasniewski_0001.png
123,lfw_aligned/Aleksander_Kwasniewski/Aleksander_Kwasniewski_0004.png
123,lfw_aligned/Aleksander_Kwasniewski/Aleksander_Kwasniewski_0002.png
124,lfw_aligned/Aleksander_Voloshin/Aleksander_Voloshin_0001.png
125,lfw_aligned/Alek_Wek/Alek_Wek_0001.png
126,lfw_aligned/Alessandra_Cerna/Alessandra_Cerna_0001.png
127,lfw_aligned/Alessandro_Nesta/Alessandro_Nesta_0001.png
128,lfw_aligned/Alexander_Downer/Alexander_Downer_0002.png
128,lfw_aligned/Alexander_Downer/Alexander_Downer_0004.png
128,lfw_aligned/Alexander_Downer/Alexander_Downer_0003.png
128,lfw_aligned/Alexander_Downer/Alexander_Downer_0001.png
129,lfw_aligned/Alexander_Losyukov/Alexander_Losyukov_0002.png
129,lfw_aligned/Alexander_Losyukov/Alexander_Losyukov_0001.png
129,lfw_aligned/Alexander_Losyukov/Alexander_Losyukov_0004.png
129,lfw_aligned/Alexander_Losyukov/Alexander_Losyukov_0003.png
130,lfw_aligned/Alexander_Lukashenko/Alexander_Lukashenko_0001.png
131,lfw_aligned/Alexander_Payne/Alexander_Payne_0001.png
132,lfw_aligned/Alexander_Rumyantsev/Alexander_Rumyantsev_0002.png
132,lfw_aligned/Alexander_Rumyantsev/Alexander_Rumyantsev_0001.png
133,lfw_aligned/Alexandra_Jackson/Alexandra_Jackson_0001.png
134,lfw_aligned/Alexandra_Pelosi/Alexandra_Pelosi_0001.png
135,lfw_aligned/Alexandra_Rozovskaya/Alexandra_Rozovskaya_0001.png
136,lfw_aligned/Alexandra_Spann/Alexandra_Spann_0001.png
137,lfw_aligned/Alexandra_Stevenson/Alexandra_Stevenson_0003.png
137,lfw_aligned/Alexandra_Stevenson/Alexandra_Stevenson_0001.png
137,lfw_aligned/Alexandra_Stevenson/Alexandra_Stevenson_0002.png
138,lfw_aligned/Alexandra_Vodjanikova/Alexandra_Vodjanikova_0001.png
138,lfw_aligned/Alexandra_Vodjanikova/Alexandra_Vodjanikova_0002.png
139,lfw_aligned/Alexandre_Daigle/Alexandre_Daigle_0001.png
140,lfw_aligned/Alexandre_Despatie/Alexandre_Despatie_0001.png
141,lfw_aligned/Alexandre_Herchcovitch/Alexandre_Herchcovitch_0001.png
142,lfw_aligned/Alexandre_Vinokourov/Alexandre_Vinokourov_0001.png
143,lfw_aligned/Alexa_Loren/Alexa_Loren_0001.png
144,lfw_aligned/Alexa_Vega/Alexa_Vega_0001.png
145,lfw_aligned/Alexis_Bledel/Alexis_Bledel_0001.png
146,lfw_aligned/Alexis_Dennisoff/Alexis_Dennisoff_0001.png
147,lfw_aligned/Alex_Barros/Alex_Barros_0002.png
147,lfw_aligned/Alex_Barros/Alex_Barros_0001.png
148,lfw_aligned/Alex_Cabrera/Alex_Cabrera_0001.png
149,lfw_aligned/Alex_Cejka/Alex_Cejka_0001.png
150,lfw_aligned/Alex_Corretja/Alex_Corretja_0001.png
151,lfw_aligned/Alex_Ferguson/Alex_Ferguson_0001.png
152,lfw_aligned/Alex_Gonzalez/Alex_Gonzalez_0001.png
153,lfw_aligned/Alex_Holmes/Alex_Holmes_0001.png
154,lfw_aligned/Alex_King/Alex_King_0001.png
155,lfw_aligned/Alex_Penelas/Alex_Penelas_0001.png
155,lfw_aligned/Alex_Penelas/Alex_Penelas_0002.png
156,lfw_aligned/Alex_Popov/Alex_Popov_0001.png
157,lfw_aligned/Alex_Sink/Alex_Sink_0001.png
157,lfw_aligned/Alex_Sink/Alex_Sink_0003.png
157,lfw_aligned/Alex_Sink/Alex_Sink_0002.png
158,lfw_aligned/Alex_Wallau/Alex_Wallau_0001.png
159,lfw_aligned/Alex_Zanardi/Alex_Zanardi_0001.png
160,lfw_aligned/Alfonso_Cuaron/Alfonso_Cuaron_0001.png
161,lfw_aligned/Alfonso_Portillo/Alfonso_Portillo_0001.png
162,lfw_aligned/Alfonso_Soriano/Alfonso_Soriano_0001.png
163,lfw_aligned/Alfredo_di_Stefano/Alfredo_di_Stefano_0001.png
164,lfw_aligned/Alfredo_Moreno/Alfredo_Moreno_0001.png
165,lfw_aligned/Alfredo_Pena/Alfredo_Pena_0001.png
166,lfw_aligned/Alfred_Ford/Alfred_Ford_0001.png
167,lfw_aligned/Alfred_Sant/Alfred_Sant_0001.png
168,lfw_aligned/Alice_Fisher/Alice_Fisher_0001.png
168,lfw_aligned/Alice_Fisher/Alice_Fisher_0002.png
169,lfw_aligned/Alicia_Hollowell/Alicia_Hollowell_0001.png
170,lfw_aligned/Alicia_Keys/Alicia_Keys_0001.png
171,lfw_aligned/Alicia_Molik/Alicia_Molik_0001.png
172,lfw_aligned/Alicia_Silverstone/Alicia_Silverstone_0001.png
172,lfw_aligned/Alicia_Silverstone/Alicia_Silverstone_0002.png
173,lfw_aligned/Alicia_Witt/Alicia_Witt_0001.png
174,lfw_aligned/Alimzhan_Tokhtakhounov/Alimzhan_Tokhtakhounov_0002.png
174,lfw_aligned/Alimzhan_Tokhtakhounov/Alimzhan_Tokhtakhounov_0001.png
175,lfw_aligned/Alina_Kabaeva/Alina_Kabaeva_0001.png
176,lfw_aligned/Aline_Chretien/Aline_Chretien_0001.png
177,lfw_aligned/Alisha_Richman/Alisha_Richman_0001.png
178,lfw_aligned/Alison_Krauss/Alison_Krauss_0001.png
179,lfw_aligned/Alison_Lohman/Alison_Lohman_0002.png
179,lfw_aligned/Alison_Lohman/Alison_Lohman_0001.png
180,lfw_aligned/Alistair_MacDonald/Alistair_MacDonald_0001.png
181,lfw_aligned/Ali_Abbas/Ali_Abbas_0001.png
181,lfw_aligned/Ali_Abbas/Ali_Abbas_0002.png
182,lfw_aligned/Ali_Abdullah_Saleh/Ali_Abdullah_Saleh_0001.png
183,lfw_aligned/Ali_Adbul_Karim_Madani/Ali_Adbul_Karim_Madani_0001.png
184,lfw_aligned/Ali_Ahmeti/Ali_Ahmeti_0001.png
185,lfw_aligned/Ali_Bin_Hussein/Ali_Bin_Hussein_0001.png
186,lfw_aligned/Ali_Fallahian/Ali_Fallahian_0001.png
187,lfw_aligned/Ali_Hammoud/Ali_Hammoud_0001.png
188,lfw_aligned/Ali_Khamenei/Ali_Khamenei_0003.png
188,lfw_aligned/Ali_Khamenei/Ali_Khamenei_0002.png
188,lfw_aligned/Ali_Khamenei/Ali_Khamenei_0001.png
189,lfw_aligned/Ali_Mohammed_Maher/Ali_Mohammed_Maher_0001.png
190,lfw_aligned/Ali_Naimi/Ali_Naimi_0003.png
190,lfw_aligned/Ali_Naimi/Ali_Naimi_0007.png
190,lfw_aligned/Ali_Naimi/Ali_Naimi_0005.png
190,lfw_aligned/Ali_Naimi/Ali_Naimi_0006.png
190,lfw_aligned/Ali_Naimi/Ali_Naimi_0008.png
190,lfw_aligned/Ali_Naimi/Ali_Naimi_0002.png
190,lfw_aligned/Ali_Naimi/Ali_Naimi_0004.png
190,lfw_aligned/Ali_Naimi/Ali_Naimi_0001.png
191,lfw_aligned/Allan_Houston/Allan_Houston_0001.png
192,lfw_aligned/Allan_Kemakeza/Allan_Kemakeza_0001.png
193,lfw_aligned/Allan_Wagner/Allan_Wagner_0001.png
194,lfw_aligned/Allen_Iverson/Allen_Iverson_0001.png
194,lfw_aligned/Allen_Iverson/Allen_Iverson_0002.png
195,lfw_aligned/Allen_Rock/Allen_Rock_0001.png
196,lfw_aligned/Allison_Janney/Allison_Janney_0002.png
196,lfw_aligned/Allison_Janney/Allison_Janney_0001.png
197,lfw_aligned/Allison_Searing/Allison_Searing_0001.png
198,lfw_aligned/Allyson_Felix/Allyson_Felix_0005.png
198,lfw_aligned/Allyson_Felix/Allyson_Felix_0003.png
198,lfw_aligned/Allyson_Felix/Allyson_Felix_0001.png
198,lfw_aligned/Allyson_Felix/Allyson_Felix_0004.png
198,lfw_aligned/Allyson_Felix/Allyson_Felix_0002.png
199,lfw_aligned/Ally_Sheedy/Ally_Sheedy_0001.png
200,lfw_aligned/Alma_Powell/Alma_Powell_0001.png
201,lfw_aligned/Almeida_Baptista/Almeida_Baptista_0001.png
202,lfw_aligned/Alonzo_Mourning/Alonzo_Mourning_0001.png
203,lfw_aligned/Alvaro_Noboa/Alvaro_Noboa_0003.png
203,lfw_aligned/Alvaro_Noboa/Alvaro_Noboa_0001.png
203,lfw_aligned/Alvaro_Noboa/Alvaro_Noboa_0002.png
204,lfw_aligned/Alvaro_Silva_Calderon/Alvaro_Silva_Calderon_0004.png
204,lfw_aligned/Alvaro_Silva_Calderon/Alvaro_Silva_Calderon_0003.png
204,lfw_aligned/Alvaro_Silva_Calderon/Alvaro_Silva_Calderon_0002.png
204,lfw_aligned/Alvaro_Silva_Calderon/Alvaro_Silva_Calderon_0001.png
205,lfw_aligned/Alvaro_Uribe/Alvaro_Uribe_0007.png
205,lfw_aligned/Alvaro_Uribe/Alvaro_Uribe_0027.png
205,lfw_aligned/Alvaro_Uribe/Alvaro_Uribe_0018.png
205,lfw_aligned/Alvaro_Uribe/Alvaro_Uribe_0016.png
205,lfw_aligned/Alvaro_Uribe/Alvaro_Uribe_0001.png
205,lfw_aligned/Alvaro_Uribe/Alvaro_Uribe_0031.png
205,lfw_aligned/Alvaro_Uribe/Alvaro_Uribe_0006.png
205,lfw_aligned/Alvaro_Uribe/Alvaro_Uribe_0015.png
205,lfw_aligned/Alvaro_Uribe/Alvaro_Uribe_0033.png
205,lfw_aligned/Alvaro_Uribe/Alvaro_Uribe_0004.png
205,lfw_aligned/Alvaro_Uribe/Alvaro_Uribe_0003.png
205,lfw_aligned/Alvaro_Uribe/Alvaro_Uribe_0035.png
205,lfw_aligned/Alvaro_Uribe/Alvaro_Uribe_0002.png
205,lfw_aligned/Alvaro_Uribe/Alvaro_Uribe_0021.png
205,lfw_aligned/Alvaro_Uribe/Alvaro_Uribe_0014.png
205,lfw_aligned/Alvaro_Uribe/Alvaro_Uribe_0008.png
205,lfw_aligned/Alvaro_Uribe/Alvaro_Uribe_0034.png
205,lfw_aligned/Alvaro_Uribe/Alvaro_Uribe_0026.png
205,lfw_aligned/Alvaro_Uribe/Alvaro_Uribe_0013.png
205,lfw_aligned/Alvaro_Uribe/Alvaro_Uribe_0025.png
205,lfw_aligned/Alvaro_Uribe/Alvaro_Uribe_0012.png
205,lfw_aligned/Alvaro_Uribe/Alvaro_Uribe_0005.png
205,lfw_aligned/Alvaro_Uribe/Alvaro_Uribe_0009.png
205,lfw_aligned/Alvaro_Uribe/Alvaro_Uribe_0010.png
205,lfw_aligned/Alvaro_Uribe/Alvaro_Uribe_0030.png
205,lfw_aligned/Alvaro_Uribe/Alvaro_Uribe_0032.png
205,lfw_aligned/Alvaro_Uribe/Alvaro_Uribe_0028.png
205,lfw_aligned/Alvaro_Uribe/Alvaro_Uribe_0029.png
205,lfw_aligned/Alvaro_Uribe/Alvaro_Uribe_0022.png
205,lfw_aligned/Alvaro_Uribe/Alvaro_Uribe_0019.png
205,lfw_aligned/Alvaro_Uribe/Alvaro_Uribe_0011.png
205,lfw_aligned/Alvaro_Uribe/Alvaro_Uribe_0020.png
205,lfw_aligned/Alvaro_Uribe/Alvaro_Uribe_0023.png
205,lfw_aligned/Alvaro_Uribe/Alvaro_Uribe_0024.png
205,lfw_aligned/Alvaro_Uribe/Alvaro_Uribe_0017.png
206,lfw_aligned/Alyse_Beaupre/Alyse_Beaupre_0001.png
207,lfw_aligned/Alyson_Hannigan/Alyson_Hannigan_0001.png
208,lfw_aligned/Aly_Wagner/Aly_Wagner_0001.png
209,lfw_aligned/Al_Cardenas/Al_Cardenas_0001.png
210,lfw_aligned/Al_Davis/Al_Davis_0002.png
210,lfw_aligned/Al_Davis/Al_Davis_0001.png
211,lfw_aligned/Al_Gore/Al_Gore_0004.png
211,lfw_aligned/Al_Gore/Al_Gore_0002.png
211,lfw_aligned/Al_Gore/Al_Gore_0008.png
211,lfw_aligned/Al_Gore/Al_Gore_0005.png
211,lfw_aligned/Al_Gore/Al_Gore_0003.png
211,lfw_aligned/Al_Gore/Al_Gore_0006.png
211,lfw_aligned/Al_Gore/Al_Gore_0001.png
211,lfw_aligned/Al_Gore/Al_Gore_0007.png
212,lfw_aligned/Al_Leiter/Al_Leiter_0001.png
213,lfw_aligned/Al_Pacino/Al_Pacino_0002.png
213,lfw_aligned/Al_Pacino/Al_Pacino_0003.png
213,lfw_aligned/Al_Pacino/Al_Pacino_0001.png
214,lfw_aligned/Al_Sharpton/Al_Sharpton_0007.png
214,lfw_aligned/Al_Sharpton/Al_Sharpton_0003.png
214,lfw_aligned/Al_Sharpton/Al_Sharpton_0001.png
214,lfw_aligned/Al_Sharpton/Al_Sharpton_0005.png
214,lfw_aligned/Al_Sharpton/Al_Sharpton_0004.png
214,lfw_aligned/Al_Sharpton/Al_Sharpton_0006.png
214,lfw_aligned/Al_Sharpton/Al_Sharpton_0002.png
215,lfw_aligned/Amanda_Beard/Amanda_Beard_0001.png
215,lfw_aligned/Amanda_Beard/Amanda_Beard_0002.png
216,lfw_aligned/Amanda_Bynes/Amanda_Bynes_0003.png
216,lfw_aligned/Amanda_Bynes/Amanda_Bynes_0002.png
216,lfw_aligned/Amanda_Bynes/Amanda_Bynes_0001.png
216,lfw_aligned/Amanda_Bynes/Amanda_Bynes_0004.png
217,lfw_aligned/Amanda_Coetzer/Amanda_Coetzer_0001.png
217,lfw_aligned/Amanda_Coetzer/Amanda_Coetzer_0002.png
218,lfw_aligned/Amanda_Marsh/Amanda_Marsh_0001.png
219,lfw_aligned/Amanda_Plumer/Amanda_Plumer_0001.png
220,lfw_aligned/Amber_Frey/Amber_Frey_0001.png
221,lfw_aligned/Amber_Tamblyn/Amber_Tamblyn_0002.png
221,lfw_aligned/Amber_Tamblyn/Amber_Tamblyn_0001.png
222,lfw_aligned/Ambrose_Lee/Ambrose_Lee_0001.png
223,lfw_aligned/Amelia_Vega/Amelia_Vega_0002.png
223,lfw_aligned/Amelia_Vega/Amelia_Vega_0007.png
223,lfw_aligned/Amelia_Vega/Amelia_Vega_0001.png
223,lfw_aligned/Amelia_Vega/Amelia_Vega_0004.png
223,lfw_aligned/Amelia_Vega/Amelia_Vega_0003.png
223,lfw_aligned/Amelia_Vega/Amelia_Vega_0005.png
223,lfw_aligned/Amelia_Vega/Amelia_Vega_0006.png
224,lfw_aligned/Amelie_Mauresmo/Amelie_Mauresmo_0005.png
224,lfw_aligned/Amelie_Mauresmo/Amelie_Mauresmo_0018.png
224,lfw_aligned/Amelie_Mauresmo/Amelie_Mauresmo_0017.png
224,lfw_aligned/Amelie_Mauresmo/Amelie_Mauresmo_0019.png
224,lfw_aligned/Amelie_Mauresmo/Amelie_Mauresmo_0001.png
224,lfw_aligned/Amelie_Mauresmo/Amelie_Mauresmo_0013.png
224,lfw_aligned/Amelie_Mauresmo/Amelie_Mauresmo_0003.png
224,lfw_aligned/Amelie_Mauresmo/Amelie_Mauresmo_0015.png
224,lfw_aligned/Amelie_Mauresmo/Amelie_Mauresmo_0004.png
224,lfw_aligned/Amelie_Mauresmo/Amelie_Mauresmo_0014.png
224,lfw_aligned/Amelie_Mauresmo/Amelie_Mauresmo_0009.png
224,lfw_aligned/Amelie_Mauresmo/Amelie_Mauresmo_0012.png
224,lfw_aligned/Amelie_Mauresmo/Amelie_Mauresmo_0016.png
224,lfw_aligned/Amelie_Mauresmo/Amelie_Mauresmo_0010.png
224,lfw_aligned/Amelie_Mauresmo/Amelie_Mauresmo_0007.png
224,lfw_aligned/Amelie_Mauresmo/Amelie_Mauresmo_0006.png
224,lfw_aligned/Amelie_Mauresmo/Amelie_Mauresmo_0011.png
224,lfw_aligned/Amelie_Mauresmo/Amelie_Mauresmo_0008.png
224,lfw_aligned/Amelie_Mauresmo/Amelie_Mauresmo_0021.png
224,lfw_aligned/Amelie_Mauresmo/Amelie_Mauresmo_0002.png
224,lfw_aligned/Amelie_Mauresmo/Amelie_Mauresmo_0020.png
225,lfw_aligned/Amer_al-Saadi/Amer_al-Saadi_0004.png
225,lfw_aligned/Amer_al-Saadi/Amer_al-Saadi_0002.png
225,lfw_aligned/Amer_al-Saadi/Amer_al-Saadi_0001.png
225,lfw_aligned/Amer_al-Saadi/Amer_al-Saadi_0003.png
226,lfw_aligned/Amporn_Falise/Amporn_Falise_0001.png
227,lfw_aligned/Amram_Mitzna/Amram_Mitzna_0002.png
227,lfw_aligned/Amram_Mitzna/Amram_Mitzna_0001.png
228,lfw_aligned/Amr_Moussa/Amr_Moussa_0001.png
229,lfw_aligned/Amy_Brenneman/Amy_Brenneman_0001.png
230,lfw_aligned/Amy_Cotton/Amy_Cotton_0001.png
231,lfw_aligned/Amy_Gale/Amy_Gale_0001.png
232,lfw_aligned/Amy_Pascal/Amy_Pascal_0001.png
233,lfw_aligned/Amy_Redford/Amy_Redford_0001.png
234,lfw_aligned/Amy_Smart/Amy_Smart_0001.png
235,lfw_aligned/Amy_Yasbeck/Amy_Yasbeck_0001.png
236,lfw_aligned/Anastasia_Kelesidou/Anastasia_Kelesidou_0001.png
237,lfw_aligned/Anastasia_Myskina/Anastasia_Myskina_0001.png
237,lfw_aligned/Anastasia_Myskina/Anastasia_Myskina_0002.png
237,lfw_aligned/Anastasia_Myskina/Anastasia_Myskina_0003.png
238,lfw_aligned/Anatoliy_Kinakh/Anatoliy_Kinakh_0001.png
239,lfw_aligned/Ana_Claudia_Talancon/Ana_Claudia_Talancon_0001.png
240,lfw_aligned/Ana_Guevara/Ana_Guevara_0007.png
240,lfw_aligned/Ana_Guevara/Ana_Guevara_0005.png
240,lfw_aligned/Ana_Guevara/Ana_Guevara_0004.png
240,lfw_aligned/Ana_Guevara/Ana_Guevara_0002.png
240,lfw_aligned/Ana_Guevara/Ana_Guevara_0003.png
240,lfw_aligned/Ana_Guevara/Ana_Guevara_0006.png
240,lfw_aligned/Ana_Guevara/Ana_Guevara_0001.png
241,lfw_aligned/Ana_Isabel_Sanchez/Ana_Isabel_Sanchez_0001.png
242,lfw_aligned/Ana_Palacio/Ana_Palacio_0005.png
242,lfw_aligned/Ana_Palacio/Ana_Palacio_0007.png
242,lfw_aligned/Ana_Palacio/Ana_Palacio_0008.png
242,lfw_aligned/Ana_Palacio/Ana_Palacio_0003.png
242,lfw_aligned/Ana_Palacio/Ana_Palacio_0006.png
242,lfw_aligned/Ana_Palacio/Ana_Palacio_0001.png
242,lfw_aligned/Ana_Palacio/Ana_Palacio_0004.png
242,lfw_aligned/Ana_Palacio/Ana_Palacio_0002.png
243,lfw_aligned/Ana_Paula_Gerard/Ana_Paula_Gerard_0001.png
244,lfw_aligned/Ana_Sebastiao/Ana_Sebastiao_0001.png
245,lfw_aligned/Anderson_Varejao/Anderson_Varejao_0001.png
246,lfw_aligned/Anders_Ebbeson/Anders_Ebbeson_0003.png
246,lfw_aligned/Anders_Ebbeson/Anders_Ebbeson_0002.png
246,lfw_aligned/Anders_Ebbeson/Anders_Ebbeson_0001.png
247,lfw_aligned/Anders_Fogh_Rasmussen/Anders_Fogh_Rasmussen_0003.png
247,lfw_aligned/Anders_Fogh_Rasmussen/Anders_Fogh_Rasmussen_0004.png
247,lfw_aligned/Anders_Fogh_Rasmussen/Anders_Fogh_Rasmussen_0002.png
247,lfw_aligned/Anders_Fogh_Rasmussen/Anders_Fogh_Rasmussen_0001.png
248,lfw_aligned/Andreas_Vinciguerra/Andreas_Vinciguerra_0001.png
249,lfw_aligned/Andrea_Bocelli/Andrea_Bocelli_0001.png
250,lfw_aligned/Andrea_De_Cruz/Andrea_De_Cruz_0001.png
251,lfw_aligned/Andrea_Kiser/Andrea_Kiser_0001.png
252,lfw_aligned/Andrea_Yates/Andrea_Yates_0001.png
253,lfw_aligned/Andrei_Konchalovsky/Andrei_Konchalovsky_0001.png
254,lfw_aligned/Andrei_Mikhnevich/Andrei_Mikhnevich_0002.png
254,lfw_aligned/Andrei_Mikhnevich/Andrei_Mikhnevich_0001.png
255,lfw_aligned/Andrei_Nikolishin/Andrei_Nikolishin_0001.png
256,lfw_aligned/Andres_DAlessandro/Andres_DAlessandro_0001.png
257,lfw_aligned/Andres_Manuel_Lopez_Obrador/Andres_Manuel_Lopez_Obrador_0001.png
258,lfw_aligned/Andres_Pastrana/Andres_Pastrana_0001.png
259,lfw_aligned/Andrew_Bernard/Andrew_Bernard_0001.png
260,lfw_aligned/Andrew_Bunner/Andrew_Bunner_0002.png
260,lfw_aligned/Andrew_Bunner/Andrew_Bunner_0001.png
261,lfw_aligned/Andrew_Caldecott/Andrew_Caldecott_0001.png
262,lfw_aligned/Andrew_Cuomo/Andrew_Cuomo_0002.png
262,lfw_aligned/Andrew_Cuomo/Andrew_Cuomo_0001.png
263,lfw_aligned/Andrew_Fastow/Andrew_Fastow_0001.png
264,lfw_aligned/Andrew_Firestone/Andrew_Firestone_0001.png
265,lfw_aligned/Andrew_Gilligan/Andrew_Gilligan_0001.png
266,lfw_aligned/Andrew_Jarecki/Andrew_Jarecki_0001.png
267,lfw_aligned/Andrew_Luster/Andrew_Luster_0001.png
268,lfw_aligned/Andrew_Niccol/Andrew_Niccol_0002.png
268,lfw_aligned/Andrew_Niccol/Andrew_Niccol_0001.png
269,lfw_aligned/Andrew_Sabey/Andrew_Sabey_0001.png
270,lfw_aligned/Andrew_Shutley/Andrew_Shutley_0001.png
271,lfw_aligned/Andrew_Weissmann/Andrew_Weissmann_0002.png
271,lfw_aligned/Andrew_Weissmann/Andrew_Weissmann_0003.png
271,lfw_aligned/Andrew_Weissmann/Andrew_Weissmann_0001.png
272,lfw_aligned/Andrew_Wetzler/Andrew_Wetzler_0001.png
273,lfw_aligned/Andre_Agassi/Andre_Agassi_0014.png
273,lfw_aligned/Andre_Agassi/Andre_Agassi_0011.png
273,lfw_aligned/Andre_Agassi/Andre_Agassi_0009.png
273,lfw_aligned/Andre_Agassi/Andre_Agassi_0004.png
273,lfw_aligned/Andre_Agassi/Andre_Agassi_0019.png
273,lfw_aligned/Andre_Agassi/Andre_Agassi_0028.png
273,lfw_aligned/Andre_Agassi/Andre_Agassi_0016.png
273,lfw_aligned/Andre_Agassi/Andre_Agassi_0029.png
273,lfw_aligned/Andre_Agassi/Andre_Agassi_0001.png
273,lfw_aligned/Andre_Agassi/Andre_Agassi_0010.png
273,lfw_aligned/Andre_Agassi/Andre_Agassi_0036.png
273,lfw_aligned/Andre_Agassi/Andre_Agassi_0034.png
273,lfw_aligned/Andre_Agassi/Andre_Agassi_0003.png
273,lfw_aligned/Andre_Agassi/Andre_Agassi_0012.png
273,lfw_aligned/Andre_Agassi/Andre_Agassi_0002.png
273,lfw_aligned/Andre_Agassi/Andre_Agassi_0022.png
273,lfw_aligned/Andre_Agassi/Andre_Agassi_0030.png
273,lfw_aligned/Andre_Agassi/Andre_Agassi_0020.png
273,lfw_aligned/Andre_Agassi/Andre_Agassi_0005.png
273,lfw_aligned/Andre_Agassi/Andre_Agassi_0026.png
273,lfw_aligned/Andre_Agassi/Andre_Agassi_0021.png
273,lfw_aligned/Andre_Agassi/Andre_Agassi_0006.png
273,lfw_aligned/Andre_Agassi/Andre_Agassi_0023.png
273,lfw_aligned/Andre_Agassi/Andre_Agassi_0017.png
273,lfw_aligned/Andre_Agassi/Andre_Agassi_0013.png
273,lfw_aligned/Andre_Agassi/Andre_Agassi_0008.png
273,lfw_aligned/Andre_Agassi/Andre_Agassi_0015.png
273,lfw_aligned/Andre_Agassi/Andre_Agassi_0031.png
273,lfw_aligned/Andre_Agassi/Andre_Agassi_0025.png
273,lfw_aligned/Andre_Agassi/Andre_Agassi_0007.png
273,lfw_aligned/Andre_Agassi/Andre_Agassi_0032.png
273,lfw_aligned/Andre_Agassi/Andre_Agassi_0035.png
273,lfw_aligned/Andre_Agassi/Andre_Agassi_0033.png
273,lfw_aligned/Andre_Agassi/Andre_Agassi_0024.png
273,lfw_aligned/Andre_Agassi/Andre_Agassi_0027.png
273,lfw_aligned/Andre_Agassi/Andre_Agassi_0018.png
274,lfw_aligned/Andre_Bucher/Andre_Bucher_0001.png
275,lfw_aligned/Andre_Lange/Andre_Lange_0001.png
276,lfw_aligned/Andre_Smith/Andre_Smith_0001.png
277,lfw_aligned/Andre_Techine/Andre_Techine_0001.png
278,lfw_aligned/Andrzej_Tyszkiewicz/Andrzej_Tyszkiewicz_0001.png
279,lfw_aligned/Andy_Benes/Andy_Benes_0001.png
280,lfw_aligned/Andy_Bryant/Andy_Bryant_0001.png
281,lfw_aligned/Andy_Dick/Andy_Dick_0001.png
282,lfw_aligned/Andy_Garcia/Andy_Garcia_0001.png
283,lfw_aligned/Andy_Graves/Andy_Graves_0001.png
284,lfw_aligned/Andy_Griffith/Andy_Griffith_0001.png
285,lfw_aligned/Andy_Griggs/Andy_Griggs_0001.png
286,lfw_aligned/Andy_Hebb/Andy_Hebb_0001.png
286,lfw_aligned/Andy_Hebb/Andy_Hebb_0002.png
287,lfw_aligned/Andy_Lau/Andy_Lau_0001.png
288,lfw_aligned/Andy_Madikians/Andy_Madikians_0001.png
289,lfw_aligned/Andy_North/Andy_North_0001.png
290,lfw_aligned/Andy_Perez/Andy_Perez_0001.png
291,lfw_aligned/Andy_Roddick/Andy_Roddick_0010.png
291,lfw_aligned/Andy_Roddick/Andy_Roddick_0004.png
291,lfw_aligned/Andy_Roddick/Andy_Roddick_0008.png
291,lfw_aligned/Andy_Roddick/Andy_Roddick_0012.png
291,lfw_aligned/Andy_Roddick/Andy_Roddick_0002.png
291,lfw_aligned/Andy_Roddick/Andy_Roddick_0001.png
291,lfw_aligned/Andy_Roddick/Andy_Roddick_0014.png
291,lfw_aligned/Andy_Roddick/Andy_Roddick_0011.png
291,lfw_aligned/Andy_Roddick/Andy_Roddick_0015.png
291,lfw_aligned/Andy_Roddick/Andy_Roddick_0013.png
291,lfw_aligned/Andy_Roddick/Andy_Roddick_0009.png
291,lfw_aligned/Andy_Roddick/Andy_Roddick_0005.png
291,lfw_aligned/Andy_Roddick/Andy_Roddick_0003.png
291,lfw_aligned/Andy_Roddick/Andy_Roddick_0007.png
291,lfw_aligned/Andy_Roddick/Andy_Roddick_0006.png
292,lfw_aligned/Andy_Rooney/Andy_Rooney_0001.png
293,lfw_aligned/Andy_Warhol/Andy_Warhol_0001.png
294,lfw_aligned/Andy_Wisecarver/Andy_Wisecarver_0001.png
295,lfw_aligned/Anette_Hosoi/Anette_Hosoi_0001.png
296,lfw_aligned/AnFernce_Negron/AnFernce_Negron_0001.png
297,lfw_aligned/Angela_Alvarado_Rosa/Angela_Alvarado_Rosa_0001.png
298,lfw_aligned/Angela_Bassett/Angela_Bassett_0006.png
298,lfw_aligned/Angela_Bassett/Angela_Bassett_0001.png
298,lfw_aligned/Angela_Bassett/Angela_Bassett_0002.png
298,lfw_aligned/Angela_Bassett/Angela_Bassett_0004.png
298,lfw_aligned/Angela_Bassett/Angela_Bassett_0005.png
298,lfw_aligned/Angela_Bassett/Angela_Bassett_0003.png
299,lfw_aligned/Angela_Lansbury/Angela_Lansbury_0002.png
299,lfw_aligned/Angela_Lansbury/Angela_Lansbury_0001.png
300,lfw_aligned/Angela_Mascia-Frye/Angela_Mascia-Frye_0001.png
301,lfw_aligned/Angela_Merkel/Angela_Merkel_0003.png
301,lfw_aligned/Angela_Merkel/Angela_Merkel_0001.png
301,lfw_aligned/Angela_Merkel/Angela_Merkel_0005.png
301,lfw_aligned/Angela_Merkel/Angela_Merkel_0004.png
301,lfw_aligned/Angela_Merkel/Angela_Merkel_0002.png
302,lfw_aligned/Angelica_Romero/Angelica_Romero_0001.png
303,lfw_aligned/Angelina_Jolie/Angelina_Jolie_0013.png
303,lfw_aligned/Angelina_Jolie/Angelina_Jolie_0003.png
303,lfw_aligned/Angelina_Jolie/Angelina_Jolie_0008.png
303,lfw_aligned/Angelina_Jolie/Angelina_Jolie_0014.png
303,lfw_aligned/Angelina_Jolie/Angelina_Jolie_0011.png
303,lfw_aligned/Angelina_Jolie/Angelina_Jolie_0015.png
303,lfw_aligned/Angelina_Jolie/Angelina_Jolie_0009.png
303,lfw_aligned/Angelina_Jolie/Angelina_Jolie_0012.png
303,lfw_aligned/Angelina_Jolie/Angelina_Jolie_0018.png
303,lfw_aligned/Angelina_Jolie/Angelina_Jolie_0017.png
303,lfw_aligned/Angelina_Jolie/Angelina_Jolie_0001.png
303,lfw_aligned/Angelina_Jolie/Angelina_Jolie_0006.png
303,lfw_aligned/Angelina_Jolie/Angelina_Jolie_0004.png
303,lfw_aligned/Angelina_Jolie/Angelina_Jolie_0010.png
303,lfw_aligned/Angelina_Jolie/Angelina_Jolie_0005.png
303,lfw_aligned/Angelina_Jolie/Angelina_Jolie_0002.png
303,lfw_aligned/Angelina_Jolie/Angelina_Jolie_0007.png
303,lfw_aligned/Angelina_Jolie/Angelina_Jolie_0016.png
303,lfw_aligned/Angelina_Jolie/Angelina_Jolie_0019.png
303,lfw_aligned/Angelina_Jolie/Angelina_Jolie_0020.png
304,lfw_aligned/Angelo_Genova/Angelo_Genova_0001.png
305,lfw_aligned/Angelo_Reyes/Angelo_Reyes_0004.png
305,lfw_aligned/Angelo_Reyes/Angelo_Reyes_0002.png
305,lfw_aligned/Angelo_Reyes/Angelo_Reyes_0003.png
305,lfw_aligned/Angelo_Reyes/Angelo_Reyes_0001.png
306,lfw_aligned/Angel_Lockward/Angel_Lockward_0001.png
307,lfw_aligned/Angel_Maza/Angel_Maza_0001.png
308,lfw_aligned/Angie_Arzola/Angie_Arzola_0001.png
309,lfw_aligned/Angie_Martinez/Angie_Martinez_0001.png
310,lfw_aligned/Anibal_Ibarra/Anibal_Ibarra_0002.png
310,lfw_aligned/Anibal_Ibarra/Anibal_Ibarra_0001.png
310,lfw_aligned/Anibal_Ibarra/Anibal_Ibarra_0003.png
311,lfw_aligned/Anil_Ramsook/Anil_Ramsook_0001.png
312,lfw_aligned/Anita_DeFrantz/Anita_DeFrantz_0001.png
313,lfw_aligned/Anja_Paerson/Anja_Paerson_0001.png
314,lfw_aligned/Anjum_Hussain/Anjum_Hussain_0001.png
315,lfw_aligned/Anna_Chicherova/Anna_Chicherova_0001.png
316,lfw_aligned/Anna_Faris/Anna_Faris_0001.png
317,lfw_aligned/Anna_Jones/Anna_Jones_0001.png
318,lfw_aligned/Anna_Kournikova/Anna_Kournikova_0006.png
318,lfw_aligned/Anna_Kournikova/Anna_Kournikova_0008.png
318,lfw_aligned/Anna_Kournikova/Anna_Kournikova_0011.png
318,lfw_aligned/Anna_Kournikova/Anna_Kournikova_0012.png
318,lfw_aligned/Anna_Kournikova/Anna_Kournikova_0009.png
318,lfw_aligned/Anna_Kournikova/Anna_Kournikova_0001.png
318,lfw_aligned/Anna_Kournikova/Anna_Kournikova_0002.png
318,lfw_aligned/Anna_Kournikova/Anna_Kournikova_0007.png
318,lfw_aligned/Anna_Kournikova/Anna_Kournikova_0010.png
318,lfw_aligned/Anna_Kournikova/Anna_Kournikova_0003.png
318,lfw_aligned/Anna_Kournikova/Anna_Kournikova_0004.png
319,lfw_aligned/Anna_Nicole_Smith/Anna_Nicole_Smith_0002.png
319,lfw_aligned/Anna_Nicole_Smith/Anna_Nicole_Smith_0001.png
320,lfw_aligned/Anneli_Jaatteenmaki/Anneli_Jaatteenmaki_0001.png
320,lfw_aligned/Anneli_Jaatteenmaki/Anneli_Jaatteenmaki_0002.png
321,lfw_aligned/Annette_Bening/Annette_Bening_0001.png
321,lfw_aligned/Annette_Bening/Annette_Bening_0002.png
322,lfw_aligned/Annette_Lu/Annette_Lu_0003.png
322,lfw_aligned/Annette_Lu/Annette_Lu_0002.png
322,lfw_aligned/Annette_Lu/Annette_Lu_0001.png
323,lfw_aligned/Anne_Cavers/Anne_Cavers_0001.png
324,lfw_aligned/Anne_Donovan/Anne_Donovan_0001.png
325,lfw_aligned/Anne_Heche/Anne_Heche_0001.png
326,lfw_aligned/Anne_Krueger/Anne_Krueger_0002.png
326,lfw_aligned/Anne_Krueger/Anne_Krueger_0003.png
326,lfw_aligned/Anne_Krueger/Anne_Krueger_0001.png
327,lfw_aligned/Anne_McLellan/Anne_McLellan_0002.png
327,lfw_aligned/Anne_McLellan/Anne_McLellan_0003.png
327,lfw_aligned/Anne_McLellan/Anne_McLellan_0001.png
328,lfw_aligned/Anne_ONeil/Anne_ONeil_0001.png
329,lfw_aligned/Annie-Jeanne_Reynaud/Annie-Jeanne_Reynaud_0001.png
330,lfw_aligned/Annie_Chaplin/Annie_Chaplin_0001.png
331,lfw_aligned/Annie_Machon/Annie_Machon_0001.png
332,lfw_aligned/Ann_Godbehere/Ann_Godbehere_0001.png
333,lfw_aligned/Ann_Landers/Ann_Landers_0001.png
334,lfw_aligned/Ann_Morgan/Ann_Morgan_0001.png
335,lfw_aligned/Ann_Veneman/Ann_Veneman_0007.png
335,lfw_aligned/Ann_Veneman/Ann_Veneman_0001.png
335,lfw_aligned/Ann_Veneman/Ann_Veneman_0003.png
335,lfw_aligned/Ann_Veneman/Ann_Veneman_0005.png
335,lfw_aligned/Ann_Veneman/Ann_Veneman_0009.png
335,lfw_aligned/Ann_Veneman/Ann_Veneman_0011.png
335,lfw_aligned/Ann_Veneman/Ann_Veneman_0010.png
335,lfw_aligned/Ann_Veneman/Ann_Veneman_0008.png
335,lfw_aligned/Ann_Veneman/Ann_Veneman_0006.png
335,lfw_aligned/Ann_Veneman/Ann_Veneman_0002.png
335,lfw_aligned/Ann_Veneman/Ann_Veneman_0004.png
336,lfw_aligned/Antanas_Valionis/Antanas_Valionis_0001.png
337,lfw_aligned/Anthony_Carter/Anthony_Carter_0001.png
338,lfw_aligned/Anthony_Corso/Anthony_Corso_0001.png
339,lfw_aligned/Anthony_Ervin/Anthony_Ervin_0001.png
340,lfw_aligned/Anthony_Fauci/Anthony_Fauci_0001.png
340,lfw_aligned/Anthony_Fauci/Anthony_Fauci_0002.png
341,lfw_aligned/Anthony_Garotinho/Anthony_Garotinho_0001.png
342,lfw_aligned/Anthony_Hazen/Anthony_Hazen_0001.png
343,lfw_aligned/Anthony_Hopkins/Anthony_Hopkins_0002.png
343,lfw_aligned/Anthony_Hopkins/Anthony_Hopkins_0001.png
344,lfw_aligned/Anthony_LaPaglia/Anthony_LaPaglia_0002.png
344,lfw_aligned/Anthony_LaPaglia/Anthony_LaPaglia_0001.png
345,lfw_aligned/Anthony_Lee_Johnson/Anthony_Lee_Johnson_0001.png
346,lfw_aligned/Anthony_Mazur/Anthony_Mazur_0001.png
347,lfw_aligned/Anthony_Pico/Anthony_Pico_0001.png
348,lfw_aligned/Anthony_Pisciotti/Anthony_Pisciotti_0001.png
349,lfw_aligned/Anthony_Principi/Anthony_Principi_0001.png
350,lfw_aligned/Anthony_Rackauckas/Anthony_Rackauckas_0001.png
351,lfw_aligned/Anthony_Scott_Miller/Anthony_Scott_Miller_0001.png
352,lfw_aligned/Antje_Buschschulte/Antje_Buschschulte_0001.png
353,lfw_aligned/Antonio_Banderas/Antonio_Banderas_0004.png
353,lfw_aligned/Antonio_Banderas/Antonio_Banderas_0002.png
353,lfw_aligned/Antonio_Banderas/Antonio_Banderas_0001.png
353,lfw_aligned/Antonio_Banderas/Antonio_Banderas_0005.png
353,lfw_aligned/Antonio_Banderas/Antonio_Banderas_0003.png
354,lfw_aligned/Antonio_Bernardo/Antonio_Bernardo_0001.png
355,lfw_aligned/Antonio_Cassano/Antonio_Cassano_0001.png
356,lfw_aligned/Antonio_Catania/Antonio_Catania_0001.png
357,lfw_aligned/Antonio_Elias_Saca/Antonio_Elias_Saca_0001.png
358,lfw_aligned/Antonio_Palocci/Antonio_Palocci_0007.png
358,lfw_aligned/Antonio_Palocci/Antonio_Palocci_0005.png
358,lfw_aligned/Antonio_Palocci/Antonio_Palocci_0003.png
358,lfw_aligned/Antonio_Palocci/Antonio_Palocci_0006.png
358,lfw_aligned/Antonio_Palocci/Antonio_Palocci_0002.png
358,lfw_aligned/Antonio_Palocci/Antonio_Palocci_0004.png
358,lfw_aligned/Antonio_Palocci/Antonio_Palocci_0008.png
358,lfw_aligned/Antonio_Palocci/Antonio_Palocci_0001.png
359,lfw_aligned/Antonio_Trillanes/Antonio_Trillanes_0001.png
359,lfw_aligned/Antonio_Trillanes/Antonio_Trillanes_0003.png
359,lfw_aligned/Antonio_Trillanes/Antonio_Trillanes_0002.png
360,lfw_aligned/Antony_Leung/Antony_Leung_0002.png
360,lfw_aligned/Antony_Leung/Antony_Leung_0001.png
360,lfw_aligned/Antony_Leung/Antony_Leung_0003.png
360,lfw_aligned/Antony_Leung/Antony_Leung_0004.png
361,lfw_aligned/Anton_Balasingham/Anton_Balasingham_0001.png
362,lfw_aligned/Antwun_Echols/Antwun_Echols_0001.png
363,lfw_aligned/Anwar_Ibrahim/Anwar_Ibrahim_0001.png
363,lfw_aligned/Anwar_Ibrahim/Anwar_Ibrahim_0002.png
364,lfw_aligned/Anzori_Kikalishvili/Anzori_Kikalishvili_0001.png
365,lfw_aligned/Aparna_Pillai/Aparna_Pillai_0001.png
366,lfw_aligned/Aram_Adler/Aram_Adler_0001.png
367,lfw_aligned/Arantxa_Sanchez-Vicario/Arantxa_Sanchez-Vicario_0001.png
367,lfw_aligned/Arantxa_Sanchez-Vicario/Arantxa_Sanchez-Vicario_0002.png
368,lfw_aligned/Aretha_Franklin/Aretha_Franklin_0001.png
369,lfw_aligned/Arianna_Huffington/Arianna_Huffington_0004.png
369,lfw_aligned/Arianna_Huffington/Arianna_Huffington_0001.png
369,lfw_aligned/Arianna_Huffington/Arianna_Huffington_0002.png
369,lfw_aligned/Arianna_Huffington/Arianna_Huffington_0003.png
370,lfw_aligned/Ariel_Sharon/Ariel_Sharon_0073.png
370,lfw_aligned/Ariel_Sharon/Ariel_Sharon_0060.png
370,lfw_aligned/Ariel_Sharon/Ariel_Sharon_0007.png
370,lfw_aligned/Ariel_Sharon/Ariel_Sharon_0069.png
370,lfw_aligned/Ariel_Sharon/Ariel_Sharon_0036.png
370,lfw_aligned/Ariel_Sharon/Ariel_Sharon_0067.png
370,lfw_aligned/Ariel_Sharon/Ariel_Sharon_0019.png
370,lfw_aligned/Ariel_Sharon/Ariel_Sharon_0018.png
370,lfw_aligned/Ariel_Sharon/Ariel_Sharon_0071.png
370,lfw_aligned/Ariel_Sharon/Ariel_Sharon_0056.png
370,lfw_aligned/Ariel_Sharon/Ariel_Sharon_0016.png
370,lfw_aligned/Ariel_Sharon/Ariel_Sharon_0027.png
370,lfw_aligned/Ariel_Sharon/Ariel_Sharon_0061.png
370,lfw_aligned/Ariel_Sharon/Ariel_Sharon_0074.png
370,lfw_aligned/Ariel_Sharon/Ariel_Sharon_0014.png
370,lfw_aligned/Ariel_Sharon/Ariel_Sharon_0026.png
370,lfw_aligned/Ariel_Sharon/Ariel_Sharon_0010.png
370,lfw_aligned/Ariel_Sharon/Ariel_Sharon_0024.png
370,lfw_aligned/Ariel_Sharon/Ariel_Sharon_0001.png
370,lfw_aligned/Ariel_Sharon/Ariel_Sharon_0033.png
370,lfw_aligned/Ariel_Sharon/Ariel_Sharon_0032.png
370,lfw_aligned/Ariel_Sharon/Ariel_Sharon_0021.png
370,lfw_aligned/Ariel_Sharon/Ariel_Sharon_0049.png
370,lfw_aligned/Ariel_Sharon/Ariel_Sharon_0004.png
370,lfw_aligned/Ariel_Sharon/Ariel_Sharon_0043.png
370,lfw_aligned/Ariel_Sharon/Ariel_Sharon_0038.png
370,lfw_aligned/Ariel_Sharon/Ariel_Sharon_0023.png
370,lfw_aligned/Ariel_Sharon/Ariel_Sharon_0022.png
370,lfw_aligned/Ariel_Sharon/Ariel_Sharon_0008.png
370,lfw_aligned/Ariel_Sharon/Ariel_Sharon_0044.png
370,lfw_aligned/Ariel_Sharon/Ariel_Sharon_0031.png
370,lfw_aligned/Ariel_Sharon/Ariel_Sharon_0006.png
370,lfw_aligned/Ariel_Sharon/Ariel_Sharon_0015.png
370,lfw_aligned/Ariel_Sharon/Ariel_Sharon_0051.png
370,lfw_aligned/Ariel_Sharon/Ariel_Sharon_0077.png
370,lfw_aligned/Ariel_Sharon/Ariel_Sharon_0002.png
370,lfw_aligned/Ariel_Sharon/Ariel_Sharon_0048.png
370,lfw_aligned/Ariel_Sharon/Ariel_Sharon_0068.png
370,lfw_aligned/Ariel_Sharon/Ariel_Sharon_0029.png
370,lfw_aligned/Ariel_Sharon/Ariel_Sharon_0055.png
370,lfw_aligned/Ariel_Sharon/Ariel_Sharon_0059.png
370,lfw_aligned/Ariel_Sharon/Ariel_Sharon_0013.png
370,lfw_aligned/Ariel_Sharon/Ariel_Sharon_0005.png
370,lfw_aligned/Ariel_Sharon/Ariel_Sharon_0063.png
370,lfw_aligned/Ariel_Sharon/Ariel_Sharon_0070.png
370,lfw_aligned/Ariel_Sharon/Ariel_Sharon_0075.png
370,lfw_aligned/Ariel_Sharon/Ariel_Sharon_0039.png
370,lfw_aligned/Ariel_Sharon/Ariel_Sharon_0035.png
370,lfw_aligned/Ariel_Sharon/Ariel_Sharon_0030.png
370,lfw_aligned/Ariel_Sharon/Ariel_Sharon_0017.png
370,lfw_aligned/Ariel_Sharon/Ariel_Sharon_0028.png
370,lfw_aligned/Ariel_Sharon/Ariel_Sharon_0058.png
370,lfw_aligned/Ariel_Sharon/Ariel_Sharon_0012.png
370,lfw_aligned/Ariel_Sharon/Ariel_Sharon_0042.png
370,lfw_aligned/Ariel_Sharon/Ariel_Sharon_0040.png
370,lfw_aligned/Ariel_Sharon/Ariel_Sharon_0047.png
370,lfw_aligned/Ariel_Sharon/Ariel_Sharon_0072.png
370,lfw_aligned/Ariel_Sharon/Ariel_Sharon_0062.png
370,lfw_aligned/Ariel_Sharon/Ariel_Sharon_0041.png
370,lfw_aligned/Ariel_Sharon/Ariel_Sharon_0054.png
370,lfw_aligned/Ariel_Sharon/Ariel_Sharon_0025.png
370,lfw_aligned/Ariel_Sharon/Ariel_Sharon_0045.png
370,lfw_aligned/Ariel_Sharon/Ariel_Sharon_0009.png
370,lfw_aligned/Ariel_Sharon/Ariel_Sharon_0053.png
370,lfw_aligned/Ariel_Sharon/Ariel_Sharon_0076.png
370,lfw_aligned/Ariel_Sharon/Ariel_Sharon_0064.png
370,lfw_aligned/Ariel_Sharon/Ariel_Sharon_0037.png
370,lfw_aligned/Ariel_Sharon/Ariel_Sharon_0011.png
370,lfw_aligned/Ariel_Sharon/Ariel_Sharon_0066.png
370,lfw_aligned/Ariel_Sharon/Ariel_Sharon_0065.png
370,lfw_aligned/Ariel_Sharon/Ariel_Sharon_0020.png
370,lfw_aligned/Ariel_Sharon/Ariel_Sharon_0050.png
370,lfw_aligned/Ariel_Sharon/Ariel_Sharon_0052.png
370,lfw_aligned/Ariel_Sharon/Ariel_Sharon_0046.png
370,lfw_aligned/Ariel_Sharon/Ariel_Sharon_0003.png
370,lfw_aligned/Ariel_Sharon/Ariel_Sharon_0057.png
370,lfw_aligned/Ariel_Sharon/Ariel_Sharon_0034.png
371,lfw_aligned/Arie_Haan/Arie_Haan_0001.png
372,lfw_aligned/Arif_Mardin/Arif_Mardin_0001.png
373,lfw_aligned/Ari_Bousbib/Ari_Bousbib_0001.png
374,lfw_aligned/Ari_Fleischer/Ari_Fleischer_0001.png
374,lfw_aligned/Ari_Fleischer/Ari_Fleischer_0013.png
374,lfw_aligned/Ari_Fleischer/Ari_Fleischer_0007.png
374,lfw_aligned/Ari_Fleischer/Ari_Fleischer_0004.png
374,lfw_aligned/Ari_Fleischer/Ari_Fleischer_0009.png
374,lfw_aligned/Ari_Fleischer/Ari_Fleischer_0012.png
374,lfw_aligned/Ari_Fleischer/Ari_Fleischer_0002.png
374,lfw_aligned/Ari_Fleischer/Ari_Fleischer_0011.png
374,lfw_aligned/Ari_Fleischer/Ari_Fleischer_0003.png
374,lfw_aligned/Ari_Fleischer/Ari_Fleischer_0010.png
374,lfw_aligned/Ari_Fleischer/Ari_Fleischer_0006.png
374,lfw_aligned/Ari_Fleischer/Ari_Fleischer_0008.png
374,lfw_aligned/Ari_Fleischer/Ari_Fleischer_0005.png
375,lfw_aligned/Arlen_Specter/Arlen_Specter_0002.png
375,lfw_aligned/Arlen_Specter/Arlen_Specter_0001.png
376,lfw_aligned/Armando_Avila_Panchame/Armando_Avila_Panchame_0001.png
377,lfw_aligned/Armando_Calderon_Sol/Armando_Calderon_Sol_0001.png
378,lfw_aligned/Armando_Carrillo/Armando_Carrillo_0001.png
379,lfw_aligned/Armand_Sargen/Armand_Sargen_0001.png
380,lfw_aligned/Arminio_Fraga/Arminio_Fraga_0003.png
380,lfw_aligned/Arminio_Fraga/Arminio_Fraga_0004.png
380,lfw_aligned/Arminio_Fraga/Arminio_Fraga_0005.png
380,lfw_aligned/Arminio_Fraga/Arminio_Fraga_0002.png
380,lfw_aligned/Arminio_Fraga/Arminio_Fraga_0001.png
380,lfw_aligned/Arminio_Fraga/Arminio_Fraga_0006.png
381,lfw_aligned/Arnaud_Clement/Arnaud_Clement_0002.png
381,lfw_aligned/Arnaud_Clement/Arnaud_Clement_0001.png
382,lfw_aligned/Arnaud_Lagardere/Arnaud_Lagardere_0001.png
383,lfw_aligned/Arnie_Boehm/Arnie_Boehm_0001.png
384,lfw_aligned/Arnoldo_Aleman/Arnoldo_Aleman_0001.png
384,lfw_aligned/Arnoldo_Aleman/Arnoldo_Aleman_0005.png
384,lfw_aligned/Arnoldo_Aleman/Arnoldo_Aleman_0004.png
384,lfw_aligned/Arnoldo_Aleman/Arnoldo_Aleman_0002.png
384,lfw_aligned/Arnoldo_Aleman/Arnoldo_Aleman_0003.png
385,lfw_aligned/Arnold_Palmer/Arnold_Palmer_0001.png
385,lfw_aligned/Arnold_Palmer/Arnold_Palmer_0002.png
385,lfw_aligned/Arnold_Palmer/Arnold_Palmer_0003.png
386,lfw_aligned/Arnold_Schwarzenegger/Arnold_Schwarzenegger_0012.png
386,lfw_aligned/Arnold_Schwarzenegger/Arnold_Schwarzenegger_0020.png
386,lfw_aligned/Arnold_Schwarzenegger/Arnold_Schwarzenegger_0029.png
386,lfw_aligned/Arnold_Schwarzenegger/Arnold_Schwarzenegger_0023.png
386,lfw_aligned/Arnold_Schwarzenegger/Arnold_Schwarzenegger_0021.png
386,lfw_aligned/Arnold_Schwarzenegger/Arnold_Schwarzenegger_0025.png
386,lfw_aligned/Arnold_Schwarzenegger/Arnold_Schwarzenegger_0013.png
386,lfw_aligned/Arnold_Schwarzenegger/Arnold_Schwarzenegger_0019.png
386,lfw_aligned/Arnold_Schwarzenegger/Arnold_Schwarzenegger_0026.png
386,lfw_aligned/Arnold_Schwarzenegger/Arnold_Schwarzenegger_0038.png
386,lfw_aligned/Arnold_Schwarzenegger/Arnold_Schwarzenegger_0027.png
386,lfw_aligned/Arnold_Schwarzenegger/Arnold_Schwarzenegger_0014.png
386,lfw_aligned/Arnold_Schwarzenegger/Arnold_Schwarzenegger_0003.png
386,lfw_aligned/Arnold_Schwarzenegger/Arnold_Schwarzenegger_0039.png
386,lfw_aligned/Arnold_Schwarzenegger/Arnold_Schwarzenegger_0034.png
386,lfw_aligned/Arnold_Schwarzenegger/Arnold_Schwarzenegger_0028.png
386,lfw_aligned/Arnold_Schwarzenegger/Arnold_Schwarzenegger_0035.png
386,lfw_aligned/Arnold_Schwarzenegger/Arnold_Schwarzenegger_0007.png
386,lfw_aligned/Arnold_Schwarzenegger/Arnold_Schwarzenegger_0042.png
386,lfw_aligned/Arnold_Schwarzenegger/Arnold_Schwarzenegger_0033.png
386,lfw_aligned/Arnold_Schwarzenegger/Arnold_Schwarzenegger_0010.png
386,lfw_aligned/Arnold_Schwarzenegger/Arnold_Schwarzenegger_0040.png
386,lfw_aligned/Arnold_Schwarzenegger/Arnold_Schwarzenegger_0017.png
386,lfw_aligned/Arnold_Schwarzenegger/Arnold_Schwarzenegger_0008.png
386,lfw_aligned/Arnold_Schwarzenegger/Arnold_Schwarzenegger_0036.png
386,lfw_aligned/Arnold_Schwarzenegger/Arnold_Schwarzenegger_0018.png
386,lfw_aligned/Arnold_Schwarzenegger/Arnold_Schwarzenegger_0015.png
386,lfw_aligned/Arnold_Schwarzenegger/Arnold_Schwarzenegger_0011.png
386,lfw_aligned/Arnold_Schwarzenegger/Arnold_Schwarzenegger_0016.png
386,lfw_aligned/Arnold_Schwarzenegger/Arnold_Schwarzenegger_0037.png
386,lfw_aligned/Arnold_Schwarzenegger/Arnold_Schwarzenegger_0009.png
386,lfw_aligned/Arnold_Schwarzenegger/Arnold_Schwarzenegger_0001.png
386,lfw_aligned/Arnold_Schwarzenegger/Arnold_Schwarzenegger_0004.png
386,lfw_aligned/Arnold_Schwarzenegger/Arnold_Schwarzenegger_0041.png
386,lfw_aligned/Arnold_Schwarzenegger/Arnold_Schwarzenegger_0024.png
386,lfw_aligned/Arnold_Schwarzenegger/Arnold_Schwarzenegger_0032.png
386,lfw_aligned/Arnold_Schwarzenegger/Arnold_Schwarzenegger_0005.png
386,lfw_aligned/Arnold_Schwarzenegger/Arnold_Schwarzenegger_0031.png
386,lfw_aligned/Arnold_Schwarzenegger/Arnold_Schwarzenegger_0006.png
386,lfw_aligned/Arnold_Schwarzenegger/Arnold_Schwarzenegger_0022.png
386,lfw_aligned/Arnold_Schwarzenegger/Arnold_Schwarzenegger_0030.png
386,lfw_aligned/Arnold_Schwarzenegger/Arnold_Schwarzenegger_0002.png
387,lfw_aligned/Arnold_Scott/Arnold_Scott_0001.png
388,lfw_aligned/Aron_Ralston/Aron_Ralston_0001.png
388,lfw_aligned/Aron_Ralston/Aron_Ralston_0002.png
389,lfw_aligned/Arsinee_Khanjian/Arsinee_Khanjian_0002.png
389,lfw_aligned/Arsinee_Khanjian/Arsinee_Khanjian_0001.png
390,lfw_aligned/Arthur_Johnson/Arthur_Johnson_0001.png
391,lfw_aligned/Arthur_Martinez/Arthur_Martinez_0001.png
392,lfw_aligned/Artieas_Shanks/Artieas_Shanks_0001.png
393,lfw_aligned/Arturo_Gatti/Arturo_Gatti_0002.png
393,lfw_aligned/Arturo_Gatti/Arturo_Gatti_0003.png
393,lfw_aligned/Arturo_Gatti/Arturo_Gatti_0001.png
394,lfw_aligned/Art_Cooper/Art_Cooper_0001.png
395,lfw_aligned/Art_Hoffmann/Art_Hoffmann_0001.png
395,lfw_aligned/Art_Hoffmann/Art_Hoffmann_0002.png
396,lfw_aligned/Art_Howe/Art_Howe_0004.png
396,lfw_aligned/Art_Howe/Art_Howe_0001.png
396,lfw_aligned/Art_Howe/Art_Howe_0003.png
396,lfw_aligned/Art_Howe/Art_Howe_0002.png
397,lfw_aligned/Art_Lopez/Art_Lopez_0001.png
398,lfw_aligned/Arye_Mekel/Arye_Mekel_0002.png
398,lfw_aligned/Arye_Mekel/Arye_Mekel_0001.png
399,lfw_aligned/Asa_Hutchinson/Asa_Hutchinson_0001.png
399,lfw_aligned/Asa_Hutchinson/Asa_Hutchinson_0002.png
400,lfw_aligned/Ascencion_Barajas/Ascencion_Barajas_0001.png
401,lfw_aligned/Ashanti/Ashanti_0003.png
401,lfw_aligned/Ashanti/Ashanti_0005.png
401,lfw_aligned/Ashanti/Ashanti_0001.png
401,lfw_aligned/Ashanti/Ashanti_0004.png
401,lfw_aligned/Ashanti/Ashanti_0002.png
402,lfw_aligned/Ashlea_Talbot/Ashlea_Talbot_0001.png
403,lfw_aligned/Ashley_Judd/Ashley_Judd_0001.png
404,lfw_aligned/Ashley_Olsen/Ashley_Olsen_0001.png
405,lfw_aligned/Ashley_Postell/Ashley_Postell_0001.png
406,lfw_aligned/Ashraf_Alasmar/Ashraf_Alasmar_0001.png
407,lfw_aligned/Ashraf_Ghani/Ashraf_Ghani_0001.png
408,lfw_aligned/Ashton_Kutcher/Ashton_Kutcher_0001.png
408,lfw_aligned/Ashton_Kutcher/Ashton_Kutcher_0002.png
408,lfw_aligned/Ashton_Kutcher/Ashton_Kutcher_0003.png
409,lfw_aligned/Asif_Ali_Zardari/Asif_Ali_Zardari_0001.png
410,lfw_aligned/Asif_Hanif/Asif_Hanif_0001.png
411,lfw_aligned/Askar_Akayev/Askar_Akayev_0001.png
412,lfw_aligned/Asmaa_Assad/Asmaa_Assad_0001.png
413,lfw_aligned/Assad_Ahmadi/Assad_Ahmadi_0001.png
414,lfw_aligned/Astou_Ndiaye-Diatta/Astou_Ndiaye-Diatta_0001.png
415,lfw_aligned/Astrid_Betancourt/Astrid_Betancourt_0001.png
416,lfw_aligned/Astrid_Eyzaguirre/Astrid_Eyzaguirre_0001.png
417,lfw_aligned/Atal_Bihari_Vajpayee/Atal_Bihari_Vajpayee_0018.png
417,lfw_aligned/Atal_Bihari_Vajpayee/Atal_Bihari_Vajpayee_0011.png
417,lfw_aligned/Atal_Bihari_Vajpayee/Atal_Bihari_Vajpayee_0005.png
417,lfw_aligned/Atal_Bihari_Vajpayee/Atal_Bihari_Vajpayee_0009.png
417,lfw_aligned/Atal_Bihari_Vajpayee/Atal_Bihari_Vajpayee_0022.png
417,lfw_aligned/Atal_Bihari_Vajpayee/Atal_Bihari_Vajpayee_0016.png
417,lfw_aligned/Atal_Bihari_Vajpayee/Atal_Bihari_Vajpayee_0004.png
417,lfw_aligned/Atal_Bihari_Vajpayee/Atal_Bihari_Vajpayee_0012.png
417,lfw_aligned/Atal_Bihari_Vajpayee/Atal_Bihari_Vajpayee_0020.png
417,lfw_aligned/Atal_Bihari_Vajpayee/Atal_Bihari_Vajpayee_0015.png
417,lfw_aligned/Atal_Bihari_Vajpayee/Atal_Bihari_Vajpayee_0017.png
417,lfw_aligned/Atal_Bihari_Vajpayee/Atal_Bihari_Vajpayee_0023.png
417,lfw_aligned/Atal_Bihari_Vajpayee/Atal_Bihari_Vajpayee_0013.png
417,lfw_aligned/Atal_Bihari_Vajpayee/Atal_Bihari_Vajpayee_0014.png
417,lfw_aligned/Atal_Bihari_Vajpayee/Atal_Bihari_Vajpayee_0008.png
417,lfw_aligned/Atal_Bihari_Vajpayee/Atal_Bihari_Vajpayee_0010.png
417,lfw_aligned/Atal_Bihari_Vajpayee/Atal_Bihari_Vajpayee_0021.png
417,lfw_aligned/Atal_Bihari_Vajpayee/Atal_Bihari_Vajpayee_0002.png
417,lfw_aligned/Atal_Bihari_Vajpayee/Atal_Bihari_Vajpayee_0007.png
417,lfw_aligned/Atal_Bihari_Vajpayee/Atal_Bihari_Vajpayee_0003.png
417,lfw_aligned/Atal_Bihari_Vajpayee/Atal_Bihari_Vajpayee_0019.png
417,lfw_aligned/Atal_Bihari_Vajpayee/Atal_Bihari_Vajpayee_0024.png
417,lfw_aligned/Atal_Bihari_Vajpayee/Atal_Bihari_Vajpayee_0001.png
417,lfw_aligned/Atal_Bihari_Vajpayee/Atal_Bihari_Vajpayee_0006.png
418,lfw_aligned/Ataollah_Mohajerani/Ataollah_Mohajerani_0001.png
419,lfw_aligned/Atiabet_Ijan_Amabel/Atiabet_Ijan_Amabel_0001.png
420,lfw_aligned/Atom_Egoyan/Atom_Egoyan_0001.png
421,lfw_aligned/Atsushi_Sato/Atsushi_Sato_0001.png
422,lfw_aligned/Audrey_Lacroix/Audrey_Lacroix_0001.png
423,lfw_aligned/Audrey_Sauret/Audrey_Sauret_0001.png
424,lfw_aligned/Augustin_Calleri/Augustin_Calleri_0001.png
424,lfw_aligned/Augustin_Calleri/Augustin_Calleri_0002.png
424,lfw_aligned/Augustin_Calleri/Augustin_Calleri_0003.png
424,lfw_aligned/Augustin_Calleri/Augustin_Calleri_0004.png
425,lfw_aligned/Augusto_Pinochet/Augusto_Pinochet_0001.png
425,lfw_aligned/Augusto_Pinochet/Augusto_Pinochet_0002.png
426,lfw_aligned/Augusto_Roa_Bastos/Augusto_Roa_Bastos_0002.png
426,lfw_aligned/Augusto_Roa_Bastos/Augusto_Roa_Bastos_0001.png
427,lfw_aligned/Aung_San_Suu_Kyi/Aung_San_Suu_Kyi_0002.png
427,lfw_aligned/Aung_San_Suu_Kyi/Aung_San_Suu_Kyi_0001.png
428,lfw_aligned/Austin_Kearns/Austin_Kearns_0001.png
429,lfw_aligned/Avril_Lavigne/Avril_Lavigne_0001.png
430,lfw_aligned/Azmi_Bishara/Azmi_Bishara_0001.png
431,lfw_aligned/Azra_Akin/Azra_Akin_0003.png
431,lfw_aligned/Azra_Akin/Azra_Akin_0002.png
431,lfw_aligned/Azra_Akin/Azra_Akin_0001.png
431,lfw_aligned/Azra_Akin/Azra_Akin_0004.png
